snapshot_timestamp,snapshot_timestamp_prague,day_start_utc,day_start_prague,deal_time_utc,deal_time_prague,deal_ticket,order,position_id,symbol,entry,type,volume,profit,swap,commission,fee,position_closed_today,included_in_daily_clean_profit
2026-03-30T11:45:51.156923+00:00,2026-03-30T13:45:51.156923+02:00,2026-03-29T22:00:00+00:00,2026-03-30T00:00:00+02:00,2026-03-30T01:07:29+00:00,2026-03-30T03:07:29+02:00,25630921,26881838,26878434,XPDUSD_ecn,1,0,0.01,6.84,-0.06,0.00,0.10,True,True
2026-03-30T11:45:51.156923+00:00,2026-03-30T13:45:51.156923+02:00,2026-03-29T22:00:00+00:00,2026-03-30T00:00:00+02:00,2026-03-30T02:47:08+00:00,2026-03-30T04:47:08+02:00,25632271,26883150,26863550,NZDJPY_ecn,1,0,0.08,6.39,-0.36,0.00,0.80,True,True
2026-03-30T11:45:51.156923+00:00,2026-03-30T13:45:51.156923+02:00,2026-03-29T22:00:00+00:00,2026-03-30T00:00:00+02:00,2026-03-30T02:56:02+00:00,2026-03-30T04:56:02+02:00,25632470,26883325,26883325,VIX_ecn,0,0,0.04,0.00,0.00,0.00,0.40,False,False
2026-03-30T11:45:51.156923+00:00,2026-03-30T13:45:51.156923+02:00,2026-03-29T22:00:00+00:00,2026-03-30T00:00:00+02:00,2026-03-30T02:56:08+00:00,2026-03-30T04:56:08+02:00,25632473,26883328,26883328,USDCAD_ecn,0,0,0.03,0.00,0.00,-0.30,0.30,False,False
2026-03-30T11:45:51.156923+00:00,2026-03-30T13:45:51.156923+02:00,2026-03-29T22:00:00+00:00,2026-03-30T00:00:00+02:00,2026-03-30T02:56:14+00:00,2026-03-30T04:56:14+02:00,25632476,26883331,26883331,USOIL_ecn,0,0,0.08,0.00,0.00,0.00,0.80,True,False
2026-03-30T11:45:51.156923+00:00,2026-03-30T13:45:51.156923+02:00,2026-03-29T22:00:00+00:00,2026-03-30T00:00:00+02:00,2026-03-30T03:08:26+00:00,2026-03-30T05:08:26+02:00,25632866,26883725,26883331,USOIL_ecn,1,1,0.08,15.12,0.00,0.00,0.80,True,True
2026-03-30T11:45:51.156923+00:00,2026-03-30T13:45:51.156923+02:00,2026-03-29T22:00:00+00:00,2026-03-30T00:00:00+02:00,2026-03-30T03:17:02+00:00,2026-03-30T05:17:02+02:00,25633034,26883891,26883891,UKOIL_ecn,0,0,0.02,0.00,0.00,0.00,0.20,True,False
2026-03-30T11:45:51.156923+00:00,2026-03-30T13:45:51.156923+02:00,2026-03-29T22:00:00+00:00,2026-03-30T00:00:00+02:00,2026-03-30T10:43:54+00:00,2026-03-30T12:43:54+02:00,25641841,26893205,26883891,UKOIL_ecn,1,1,0.02,3.96,0.00,0.00,0.20,True,True
2026-03-30T11:45:51.156923+00:00,2026-03-30T13:45:51.156923+02:00,2026-03-29T22:00:00+00:00,2026-03-30T00:00:00+02:00,2026-03-30T10:52:23+00:00,2026-03-30T12:52:23+02:00,25642072,26893436,26893436,USOIL_ecn,0,1,0.02,0.00,0.00,0.00,0.20,False,False
2026-03-30T11:45:51.156923+00:00,2026-03-30T13:45:51.156923+02:00,2026-03-29T22:00:00+00:00,2026-03-30T00:00:00+02:00,2026-03-30T11:44:13+00:00,2026-03-30T13:44:13+02:00,25643464,26894848,26880122,GBPAUD_ecn,1,0,0.08,6.14,-0.07,0.00,0.80,True,True
2026-03-30T12:11:11.349830+00:00,2026-03-30T14:11:11.349830+02:00,2026-03-29T22:00:00+00:00,2026-03-30T00:00:00+02:00,2026-03-30T01:07:29+00:00,2026-03-30T03:07:29+02:00,25630921,26881838,26878434,XPDUSD_ecn,1,0,0.01,6.84,-0.06,0.00,0.10,True,True
2026-03-30T12:11:11.349830+00:00,2026-03-30T14:11:11.349830+02:00,2026-03-29T22:00:00+00:00,2026-03-30T00:00:00+02:00,2026-03-30T02:47:08+00:00,2026-03-30T04:47:08+02:00,25632271,26883150,26863550,NZDJPY_ecn,1,0,0.08,6.39,-0.36,0.00,0.80,True,True
2026-03-30T12:11:11.349830+00:00,2026-03-30T14:11:11.349830+02:00,2026-03-29T22:00:00+00:00,2026-03-30T00:00:00+02:00,2026-03-30T02:56:02+00:00,2026-03-30T04:56:02+02:00,25632470,26883325,26883325,VIX_ecn,0,0,0.04,0.00,0.00,0.00,0.40,False,False
2026-03-30T12:11:11.349830+00:00,2026-03-30T14:11:11.349830+02:00,2026-03-29T22:00:00+00:00,2026-03-30T00:00:00+02:00,2026-03-30T02:56:08+00:00,2026-03-30T04:56:08+02:00,25632473,26883328,26883328,USDCAD_ecn,0,0,0.03,0.00,0.00,-0.30,0.30,False,False
2026-03-30T12:11:11.349830+00:00,2026-03-30T14:11:11.349830+02:00,2026-03-29T22:00:00+00:00,2026-03-30T00:00:00+02:00,2026-03-30T02:56:14+00:00,2026-03-30T04:56:14+02:00,25632476,26883331,26883331,USOIL_ecn,0,0,0.08,0.00,0.00,0.00,0.80,True,False
2026-03-30T12:11:11.349830+00:00,2026-03-30T14:11:11.349830+02:00,2026-03-29T22:00:00+00:00,2026-03-30T00:00:00+02:00,2026-03-30T03:08:26+00:00,2026-03-30T05:08:26+02:00,25632866,26883725,26883331,USOIL_ecn,1,1,0.08,15.12,0.00,0.00,0.80,True,True
2026-03-30T12:11:11.349830+00:00,2026-03-30T14:11:11.349830+02:00,2026-03-29T22:00:00+00:00,2026-03-30T00:00:00+02:00,2026-03-30T03:17:02+00:00,2026-03-30T05:17:02+02:00,25633034,26883891,26883891,UKOIL_ecn,0,0,0.02,0.00,0.00,0.00,0.20,True,False
2026-03-30T12:11:11.349830+00:00,2026-03-30T14:11:11.349830+02:00,2026-03-29T22:00:00+00:00,2026-03-30T00:00:00+02:00,2026-03-30T10:43:54+00:00,2026-03-30T12:43:54+02:00,25641841,26893205,26883891,UKOIL_ecn,1,1,0.02,3.96,0.00,0.00,0.20,True,True
2026-03-30T12:11:11.349830+00:00,2026-03-30T14:11:11.349830+02:00,2026-03-29T22:00:00+00:00,2026-03-30T00:00:00+02:00,2026-03-30T10:52:23+00:00,2026-03-30T12:52:23+02:00,25642072,26893436,26893436,USOIL_ecn,0,1,0.02,0.00,0.00,0.00,0.20,True,False
2026-03-30T12:11:11.349830+00:00,2026-03-30T14:11:11.349830+02:00,2026-03-29T22:00:00+00:00,2026-03-30T00:00:00+02:00,2026-03-30T11:44:13+00:00,2026-03-30T13:44:13+02:00,25643464,26894848,26880122,GBPAUD_ecn,1,0,0.08,6.14,-0.07,0.00,0.80,True,True
2026-03-30T12:11:11.349830+00:00,2026-03-30T14:11:11.349830+02:00,2026-03-29T22:00:00+00:00,2026-03-30T00:00:00+02:00,2026-03-30T11:51:46+00:00,2026-03-30T13:51:46+02:00,25643803,26895164,26893436,USOIL_ecn,1,0,0.02,20.90,0.00,0.00,0.20,True,True
2026-03-30T12:11:11.349830+00:00,2026-03-30T14:11:11.349830+02:00,2026-03-29T22:00:00+00:00,2026-03-30T00:00:00+02:00,2026-03-30T11:51:51+00:00,2026-03-30T13:51:51+02:00,25643811,26895172,26895172,BTCUSD_ecn,0,0,0.01,0.00,0.00,-0.81,0.10,False,False
2026-03-30T12:45:12.245616+00:00,2026-03-30T14:45:12.245616+02:00,2026-03-29T22:00:00+00:00,2026-03-30T00:00:00+02:00,2026-03-30T01:07:29+00:00,2026-03-30T03:07:29+02:00,25630921,26881838,26878434,XPDUSD_ecn,1,0,0.01,6.84,-0.06,0.00,0.10,True,True
2026-03-30T12:45:12.245616+00:00,2026-03-30T14:45:12.245616+02:00,2026-03-29T22:00:00+00:00,2026-03-30T00:00:00+02:00,2026-03-30T02:47:08+00:00,2026-03-30T04:47:08+02:00,25632271,26883150,26863550,NZDJPY_ecn,1,0,0.08,6.39,-0.36,0.00,0.80,True,True
2026-03-30T12:45:12.245616+00:00,2026-03-30T14:45:12.245616+02:00,2026-03-29T22:00:00+00:00,2026-03-30T00:00:00+02:00,2026-03-30T02:56:02+00:00,2026-03-30T04:56:02+02:00,25632470,26883325,26883325,VIX_ecn,0,0,0.04,0.00,0.00,0.00,0.40,False,False
2026-03-30T12:45:12.245616+00:00,2026-03-30T14:45:12.245616+02:00,2026-03-29T22:00:00+00:00,2026-03-30T00:00:00+02:00,2026-03-30T02:56:08+00:00,2026-03-30T04:56:08+02:00,25632473,26883328,26883328,USDCAD_ecn,0,0,0.03,0.00,0.00,-0.30,0.30,False,False
2026-03-30T12:45:12.245616+00:00,2026-03-30T14:45:12.245616+02:00,2026-03-29T22:00:00+00:00,2026-03-30T00:00:00+02:00,2026-03-30T02:56:14+00:00,2026-03-30T04:56:14+02:00,25632476,26883331,26883331,USOIL_ecn,0,0,0.08,0.00,0.00,0.00,0.80,True,False
2026-03-30T12:45:12.245616+00:00,2026-03-30T14:45:12.245616+02:00,2026-03-29T22:00:00+00:00,2026-03-30T00:00:00+02:00,2026-03-30T03:08:26+00:00,2026-03-30T05:08:26+02:00,25632866,26883725,26883331,USOIL_ecn,1,1,0.08,15.12,0.00,0.00,0.80,True,True
2026-03-30T12:45:12.245616+00:00,2026-03-30T14:45:12.245616+02:00,2026-03-29T22:00:00+00:00,2026-03-30T00:00:00+02:00,2026-03-30T03:17:02+00:00,2026-03-30T05:17:02+02:00,25633034,26883891,26883891,UKOIL_ecn,0,0,0.02,0.00,0.00,0.00,0.20,True,False
2026-03-30T12:45:12.245616+00:00,2026-03-30T14:45:12.245616+02:00,2026-03-29T22:00:00+00:00,2026-03-30T00:00:00+02:00,2026-03-30T10:43:54+00:00,2026-03-30T12:43:54+02:00,25641841,26893205,26883891,UKOIL_ecn,1,1,0.02,3.96,0.00,0.00,0.20,True,True
2026-03-30T12:45:12.245616+00:00,2026-03-30T14:45:12.245616+02:00,2026-03-29T22:00:00+00:00,2026-03-30T00:00:00+02:00,2026-03-30T10:52:23+00:00,2026-03-30T12:52:23+02:00,25642072,26893436,26893436,USOIL_ecn,0,1,0.02,0.00,0.00,0.00,0.20,True,False
2026-03-30T12:45:12.245616+00:00,2026-03-30T14:45:12.245616+02:00,2026-03-29T22:00:00+00:00,2026-03-30T00:00:00+02:00,2026-03-30T11:44:13+00:00,2026-03-30T13:44:13+02:00,25643464,26894848,26880122,GBPAUD_ecn,1,0,0.08,6.14,-0.07,0.00,0.80,True,True
2026-03-30T12:45:12.245616+00:00,2026-03-30T14:45:12.245616+02:00,2026-03-29T22:00:00+00:00,2026-03-30T00:00:00+02:00,2026-03-30T11:51:46+00:00,2026-03-30T13:51:46+02:00,25643803,26895164,26893436,USOIL_ecn,1,0,0.02,20.90,0.00,0.00,0.20,True,True
2026-03-30T12:45:12.245616+00:00,2026-03-30T14:45:12.245616+02:00,2026-03-29T22:00:00+00:00,2026-03-30T00:00:00+02:00,2026-03-30T11:51:51+00:00,2026-03-30T13:51:51+02:00,25643811,26895172,26895172,BTCUSD_ecn,0,0,0.01,0.00,0.00,-0.81,0.10,False,False
2026-03-30T13:45:13.949396+00:00,2026-03-30T15:45:13.949396+02:00,2026-03-29T22:00:00+00:00,2026-03-30T00:00:00+02:00,2026-03-30T01:07:29+00:00,2026-03-30T03:07:29+02:00,25630921,26881838,26878434,XPDUSD_ecn,1,0,0.01,6.84,-0.06,0.00,0.10,True,True
2026-03-30T13:45:13.949396+00:00,2026-03-30T15:45:13.949396+02:00,2026-03-29T22:00:00+00:00,2026-03-30T00:00:00+02:00,2026-03-30T02:47:08+00:00,2026-03-30T04:47:08+02:00,25632271,26883150,26863550,NZDJPY_ecn,1,0,0.08,6.39,-0.36,0.00,0.80,True,True
2026-03-30T13:45:13.949396+00:00,2026-03-30T15:45:13.949396+02:00,2026-03-29T22:00:00+00:00,2026-03-30T00:00:00+02:00,2026-03-30T02:56:02+00:00,2026-03-30T04:56:02+02:00,25632470,26883325,26883325,VIX_ecn,0,0,0.04,0.00,0.00,0.00,0.40,False,False
2026-03-30T13:45:13.949396+00:00,2026-03-30T15:45:13.949396+02:00,2026-03-29T22:00:00+00:00,2026-03-30T00:00:00+02:00,2026-03-30T02:56:08+00:00,2026-03-30T04:56:08+02:00,25632473,26883328,26883328,USDCAD_ecn,0,0,0.03,0.00,0.00,-0.30,0.30,False,False
2026-03-30T13:45:13.949396+00:00,2026-03-30T15:45:13.949396+02:00,2026-03-29T22:00:00+00:00,2026-03-30T00:00:00+02:00,2026-03-30T02:56:14+00:00,2026-03-30T04:56:14+02:00,25632476,26883331,26883331,USOIL_ecn,0,0,0.08,0.00,0.00,0.00,0.80,True,False
2026-03-30T13:45:13.949396+00:00,2026-03-30T15:45:13.949396+02:00,2026-03-29T22:00:00+00:00,2026-03-30T00:00:00+02:00,2026-03-30T03:08:26+00:00,2026-03-30T05:08:26+02:00,25632866,26883725,26883331,USOIL_ecn,1,1,0.08,15.12,0.00,0.00,0.80,True,True
2026-03-30T13:45:13.949396+00:00,2026-03-30T15:45:13.949396+02:00,2026-03-29T22:00:00+00:00,2026-03-30T00:00:00+02:00,2026-03-30T03:17:02+00:00,2026-03-30T05:17:02+02:00,25633034,26883891,26883891,UKOIL_ecn,0,0,0.02,0.00,0.00,0.00,0.20,True,False
2026-03-30T13:45:13.949396+00:00,2026-03-30T15:45:13.949396+02:00,2026-03-29T22:00:00+00:00,2026-03-30T00:00:00+02:00,2026-03-30T10:43:54+00:00,2026-03-30T12:43:54+02:00,25641841,26893205,26883891,UKOIL_ecn,1,1,0.02,3.96,0.00,0.00,0.20,True,True
2026-03-30T13:45:13.949396+00:00,2026-03-30T15:45:13.949396+02:00,2026-03-29T22:00:00+00:00,2026-03-30T00:00:00+02:00,2026-03-30T10:52:23+00:00,2026-03-30T12:52:23+02:00,25642072,26893436,26893436,USOIL_ecn,0,1,0.02,0.00,0.00,0.00,0.20,True,False
2026-03-30T13:45:13.949396+00:00,2026-03-30T15:45:13.949396+02:00,2026-03-29T22:00:00+00:00,2026-03-30T00:00:00+02:00,2026-03-30T11:44:13+00:00,2026-03-30T13:44:13+02:00,25643464,26894848,26880122,GBPAUD_ecn,1,0,0.08,6.14,-0.07,0.00,0.80,True,True
2026-03-30T13:45:13.949396+00:00,2026-03-30T15:45:13.949396+02:00,2026-03-29T22:00:00+00:00,2026-03-30T00:00:00+02:00,2026-03-30T11:51:46+00:00,2026-03-30T13:51:46+02:00,25643803,26895164,26893436,USOIL_ecn,1,0,0.02,20.90,0.00,0.00,0.20,True,True
2026-03-30T13:45:13.949396+00:00,2026-03-30T15:45:13.949396+02:00,2026-03-29T22:00:00+00:00,2026-03-30T00:00:00+02:00,2026-03-30T11:51:51+00:00,2026-03-30T13:51:51+02:00,25643811,26895172,26895172,BTCUSD_ecn,0,0,0.01,0.00,0.00,-0.81,0.10,False,False
2026-03-30T14:45:09.163686+00:00,2026-03-30T16:45:09.163686+02:00,2026-03-29T22:00:00+00:00,2026-03-30T00:00:00+02:00,2026-03-30T01:07:29+00:00,2026-03-30T03:07:29+02:00,25630921,26881838,26878434,XPDUSD_ecn,1,0,0.01,6.84,-0.06,0.00,0.10,True,True
2026-03-30T14:45:09.163686+00:00,2026-03-30T16:45:09.163686+02:00,2026-03-29T22:00:00+00:00,2026-03-30T00:00:00+02:00,2026-03-30T02:47:08+00:00,2026-03-30T04:47:08+02:00,25632271,26883150,26863550,NZDJPY_ecn,1,0,0.08,6.39,-0.36,0.00,0.80,True,True
2026-03-30T14:45:09.163686+00:00,2026-03-30T16:45:09.163686+02:00,2026-03-29T22:00:00+00:00,2026-03-30T00:00:00+02:00,2026-03-30T02:56:02+00:00,2026-03-30T04:56:02+02:00,25632470,26883325,26883325,VIX_ecn,0,0,0.04,0.00,0.00,0.00,0.40,False,False
2026-03-30T14:45:09.163686+00:00,2026-03-30T16:45:09.163686+02:00,2026-03-29T22:00:00+00:00,2026-03-30T00:00:00+02:00,2026-03-30T02:56:08+00:00,2026-03-30T04:56:08+02:00,25632473,26883328,26883328,USDCAD_ecn,0,0,0.03,0.00,0.00,-0.30,0.30,False,False
2026-03-30T14:45:09.163686+00:00,2026-03-30T16:45:09.163686+02:00,2026-03-29T22:00:00+00:00,2026-03-30T00:00:00+02:00,2026-03-30T02:56:14+00:00,2026-03-30T04:56:14+02:00,25632476,26883331,26883331,USOIL_ecn,0,0,0.08,0.00,0.00,0.00,0.80,True,False
2026-03-30T14:45:09.163686+00:00,2026-03-30T16:45:09.163686+02:00,2026-03-29T22:00:00+00:00,2026-03-30T00:00:00+02:00,2026-03-30T03:08:26+00:00,2026-03-30T05:08:26+02:00,25632866,26883725,26883331,USOIL_ecn,1,1,0.08,15.12,0.00,0.00,0.80,True,True
2026-03-30T14:45:09.163686+00:00,2026-03-30T16:45:09.163686+02:00,2026-03-29T22:00:00+00:00,2026-03-30T00:00:00+02:00,2026-03-30T03:17:02+00:00,2026-03-30T05:17:02+02:00,25633034,26883891,26883891,UKOIL_ecn,0,0,0.02,0.00,0.00,0.00,0.20,True,False
2026-03-30T14:45:09.163686+00:00,2026-03-30T16:45:09.163686+02:00,2026-03-29T22:00:00+00:00,2026-03-30T00:00:00+02:00,2026-03-30T10:43:54+00:00,2026-03-30T12:43:54+02:00,25641841,26893205,26883891,UKOIL_ecn,1,1,0.02,3.96,0.00,0.00,0.20,True,True
2026-03-30T14:45:09.163686+00:00,2026-03-30T16:45:09.163686+02:00,2026-03-29T22:00:00+00:00,2026-03-30T00:00:00+02:00,2026-03-30T10:52:23+00:00,2026-03-30T12:52:23+02:00,25642072,26893436,26893436,USOIL_ecn,0,1,0.02,0.00,0.00,0.00,0.20,True,False
2026-03-30T14:45:09.163686+00:00,2026-03-30T16:45:09.163686+02:00,2026-03-29T22:00:00+00:00,2026-03-30T00:00:00+02:00,2026-03-30T11:44:13+00:00,2026-03-30T13:44:13+02:00,25643464,26894848,26880122,GBPAUD_ecn,1,0,0.08,6.14,-0.07,0.00,0.80,True,True
2026-03-30T14:45:09.163686+00:00,2026-03-30T16:45:09.163686+02:00,2026-03-29T22:00:00+00:00,2026-03-30T00:00:00+02:00,2026-03-30T11:51:46+00:00,2026-03-30T13:51:46+02:00,25643803,26895164,26893436,USOIL_ecn,1,0,0.02,20.90,0.00,0.00,0.20,True,True
2026-03-30T14:45:09.163686+00:00,2026-03-30T16:45:09.163686+02:00,2026-03-29T22:00:00+00:00,2026-03-30T00:00:00+02:00,2026-03-30T11:51:51+00:00,2026-03-30T13:51:51+02:00,25643811,26895172,26895172,BTCUSD_ecn,0,0,0.01,0.00,0.00,-0.81,0.10,False,False
2026-03-30T15:45:45.638519+00:00,2026-03-30T17:45:45.638519+02:00,2026-03-29T22:00:00+00:00,2026-03-30T00:00:00+02:00,2026-03-30T01:07:29+00:00,2026-03-30T03:07:29+02:00,25630921,26881838,26878434,XPDUSD_ecn,1,0,0.01,6.84,-0.06,0.00,0.10,True,True
2026-03-30T15:45:45.638519+00:00,2026-03-30T17:45:45.638519+02:00,2026-03-29T22:00:00+00:00,2026-03-30T00:00:00+02:00,2026-03-30T02:47:08+00:00,2026-03-30T04:47:08+02:00,25632271,26883150,26863550,NZDJPY_ecn,1,0,0.08,6.39,-0.36,0.00,0.80,True,True
2026-03-30T15:45:45.638519+00:00,2026-03-30T17:45:45.638519+02:00,2026-03-29T22:00:00+00:00,2026-03-30T00:00:00+02:00,2026-03-30T02:56:02+00:00,2026-03-30T04:56:02+02:00,25632470,26883325,26883325,VIX_ecn,0,0,0.04,0.00,0.00,0.00,0.40,False,False
2026-03-30T15:45:45.638519+00:00,2026-03-30T17:45:45.638519+02:00,2026-03-29T22:00:00+00:00,2026-03-30T00:00:00+02:00,2026-03-30T02:56:08+00:00,2026-03-30T04:56:08+02:00,25632473,26883328,26883328,USDCAD_ecn,0,0,0.03,0.00,0.00,-0.30,0.30,False,False
2026-03-30T15:45:45.638519+00:00,2026-03-30T17:45:45.638519+02:00,2026-03-29T22:00:00+00:00,2026-03-30T00:00:00+02:00,2026-03-30T02:56:14+00:00,2026-03-30T04:56:14+02:00,25632476,26883331,26883331,USOIL_ecn,0,0,0.08,0.00,0.00,0.00,0.80,True,False
2026-03-30T15:45:45.638519+00:00,2026-03-30T17:45:45.638519+02:00,2026-03-29T22:00:00+00:00,2026-03-30T00:00:00+02:00,2026-03-30T03:08:26+00:00,2026-03-30T05:08:26+02:00,25632866,26883725,26883331,USOIL_ecn,1,1,0.08,15.12,0.00,0.00,0.80,True,True
2026-03-30T15:45:45.638519+00:00,2026-03-30T17:45:45.638519+02:00,2026-03-29T22:00:00+00:00,2026-03-30T00:00:00+02:00,2026-03-30T03:17:02+00:00,2026-03-30T05:17:02+02:00,25633034,26883891,26883891,UKOIL_ecn,0,0,0.02,0.00,0.00,0.00,0.20,True,False
2026-03-30T15:45:45.638519+00:00,2026-03-30T17:45:45.638519+02:00,2026-03-29T22:00:00+00:00,2026-03-30T00:00:00+02:00,2026-03-30T10:43:54+00:00,2026-03-30T12:43:54+02:00,25641841,26893205,26883891,UKOIL_ecn,1,1,0.02,3.96,0.00,0.00,0.20,True,True
2026-03-30T15:45:45.638519+00:00,2026-03-30T17:45:45.638519+02:00,2026-03-29T22:00:00+00:00,2026-03-30T00:00:00+02:00,2026-03-30T10:52:23+00:00,2026-03-30T12:52:23+02:00,25642072,26893436,26893436,USOIL_ecn,0,1,0.02,0.00,0.00,0.00,0.20,True,False
2026-03-30T15:45:45.638519+00:00,2026-03-30T17:45:45.638519+02:00,2026-03-29T22:00:00+00:00,2026-03-30T00:00:00+02:00,2026-03-30T11:44:13+00:00,2026-03-30T13:44:13+02:00,25643464,26894848,26880122,GBPAUD_ecn,1,0,0.08,6.14,-0.07,0.00,0.80,True,True
2026-03-30T15:45:45.638519+00:00,2026-03-30T17:45:45.638519+02:00,2026-03-29T22:00:00+00:00,2026-03-30T00:00:00+02:00,2026-03-30T11:51:46+00:00,2026-03-30T13:51:46+02:00,25643803,26895164,26893436,USOIL_ecn,1,0,0.02,20.90,0.00,0.00,0.20,True,True
2026-03-30T15:45:45.638519+00:00,2026-03-30T17:45:45.638519+02:00,2026-03-29T22:00:00+00:00,2026-03-30T00:00:00+02:00,2026-03-30T11:51:51+00:00,2026-03-30T13:51:51+02:00,25643811,26895172,26895172,BTCUSD_ecn,0,0,0.01,0.00,0.00,-0.81,0.10,False,False
2026-03-30T16:45:47.590793+00:00,2026-03-30T18:45:47.590793+02:00,2026-03-29T22:00:00+00:00,2026-03-30T00:00:00+02:00,2026-03-30T01:07:29+00:00,2026-03-30T03:07:29+02:00,25630921,26881838,26878434,XPDUSD_ecn,1,0,0.01,6.84,-0.06,0.00,0.10,True,True
2026-03-30T16:45:47.590793+00:00,2026-03-30T18:45:47.590793+02:00,2026-03-29T22:00:00+00:00,2026-03-30T00:00:00+02:00,2026-03-30T02:47:08+00:00,2026-03-30T04:47:08+02:00,25632271,26883150,26863550,NZDJPY_ecn,1,0,0.08,6.39,-0.36,0.00,0.80,True,True
2026-03-30T16:45:47.590793+00:00,2026-03-30T18:45:47.590793+02:00,2026-03-29T22:00:00+00:00,2026-03-30T00:00:00+02:00,2026-03-30T02:56:02+00:00,2026-03-30T04:56:02+02:00,25632470,26883325,26883325,VIX_ecn,0,0,0.04,0.00,0.00,0.00,0.40,False,False
2026-03-30T16:45:47.590793+00:00,2026-03-30T18:45:47.590793+02:00,2026-03-29T22:00:00+00:00,2026-03-30T00:00:00+02:00,2026-03-30T02:56:08+00:00,2026-03-30T04:56:08+02:00,25632473,26883328,26883328,USDCAD_ecn,0,0,0.03,0.00,0.00,-0.30,0.30,False,False
2026-03-30T16:45:47.590793+00:00,2026-03-30T18:45:47.590793+02:00,2026-03-29T22:00:00+00:00,2026-03-30T00:00:00+02:00,2026-03-30T02:56:14+00:00,2026-03-30T04:56:14+02:00,25632476,26883331,26883331,USOIL_ecn,0,0,0.08,0.00,0.00,0.00,0.80,True,False
2026-03-30T16:45:47.590793+00:00,2026-03-30T18:45:47.590793+02:00,2026-03-29T22:00:00+00:00,2026-03-30T00:00:00+02:00,2026-03-30T03:08:26+00:00,2026-03-30T05:08:26+02:00,25632866,26883725,26883331,USOIL_ecn,1,1,0.08,15.12,0.00,0.00,0.80,True,True
2026-03-30T16:45:47.590793+00:00,2026-03-30T18:45:47.590793+02:00,2026-03-29T22:00:00+00:00,2026-03-30T00:00:00+02:00,2026-03-30T03:17:02+00:00,2026-03-30T05:17:02+02:00,25633034,26883891,26883891,UKOIL_ecn,0,0,0.02,0.00,0.00,0.00,0.20,True,False
2026-03-30T16:45:47.590793+00:00,2026-03-30T18:45:47.590793+02:00,2026-03-29T22:00:00+00:00,2026-03-30T00:00:00+02:00,2026-03-30T10:43:54+00:00,2026-03-30T12:43:54+02:00,25641841,26893205,26883891,UKOIL_ecn,1,1,0.02,3.96,0.00,0.00,0.20,True,True
2026-03-30T16:45:47.590793+00:00,2026-03-30T18:45:47.590793+02:00,2026-03-29T22:00:00+00:00,2026-03-30T00:00:00+02:00,2026-03-30T10:52:23+00:00,2026-03-30T12:52:23+02:00,25642072,26893436,26893436,USOIL_ecn,0,1,0.02,0.00,0.00,0.00,0.20,True,False
2026-03-30T16:45:47.590793+00:00,2026-03-30T18:45:47.590793+02:00,2026-03-29T22:00:00+00:00,2026-03-30T00:00:00+02:00,2026-03-30T11:44:13+00:00,2026-03-30T13:44:13+02:00,25643464,26894848,26880122,GBPAUD_ecn,1,0,0.08,6.14,-0.07,0.00,0.80,True,True
2026-03-30T16:45:47.590793+00:00,2026-03-30T18:45:47.590793+02:00,2026-03-29T22:00:00+00:00,2026-03-30T00:00:00+02:00,2026-03-30T11:51:46+00:00,2026-03-30T13:51:46+02:00,25643803,26895164,26893436,USOIL_ecn,1,0,0.02,20.90,0.00,0.00,0.20,True,True
2026-03-30T16:45:47.590793+00:00,2026-03-30T18:45:47.590793+02:00,2026-03-29T22:00:00+00:00,2026-03-30T00:00:00+02:00,2026-03-30T11:51:51+00:00,2026-03-30T13:51:51+02:00,25643811,26895172,26895172,BTCUSD_ecn,0,0,0.01,0.00,0.00,-0.81,0.10,False,False
2026-03-30T17:45:49.531357+00:00,2026-03-30T19:45:49.531357+02:00,2026-03-29T22:00:00+00:00,2026-03-30T00:00:00+02:00,2026-03-30T01:07:29+00:00,2026-03-30T03:07:29+02:00,25630921,26881838,26878434,XPDUSD_ecn,1,0,0.01,6.84,-0.06,0.00,0.10,True,True
2026-03-30T17:45:49.531357+00:00,2026-03-30T19:45:49.531357+02:00,2026-03-29T22:00:00+00:00,2026-03-30T00:00:00+02:00,2026-03-30T02:47:08+00:00,2026-03-30T04:47:08+02:00,25632271,26883150,26863550,NZDJPY_ecn,1,0,0.08,6.39,-0.36,0.00,0.80,True,True
2026-03-30T17:45:49.531357+00:00,2026-03-30T19:45:49.531357+02:00,2026-03-29T22:00:00+00:00,2026-03-30T00:00:00+02:00,2026-03-30T02:56:02+00:00,2026-03-30T04:56:02+02:00,25632470,26883325,26883325,VIX_ecn,0,0,0.04,0.00,0.00,0.00,0.40,False,False
2026-03-30T17:45:49.531357+00:00,2026-03-30T19:45:49.531357+02:00,2026-03-29T22:00:00+00:00,2026-03-30T00:00:00+02:00,2026-03-30T02:56:08+00:00,2026-03-30T04:56:08+02:00,25632473,26883328,26883328,USDCAD_ecn,0,0,0.03,0.00,0.00,-0.30,0.30,True,False
2026-03-30T17:45:49.531357+00:00,2026-03-30T19:45:49.531357+02:00,2026-03-29T22:00:00+00:00,2026-03-30T00:00:00+02:00,2026-03-30T02:56:14+00:00,2026-03-30T04:56:14+02:00,25632476,26883331,26883331,USOIL_ecn,0,0,0.08,0.00,0.00,0.00,0.80,True,False
2026-03-30T17:45:49.531357+00:00,2026-03-30T19:45:49.531357+02:00,2026-03-29T22:00:00+00:00,2026-03-30T00:00:00+02:00,2026-03-30T03:08:26+00:00,2026-03-30T05:08:26+02:00,25632866,26883725,26883331,USOIL_ecn,1,1,0.08,15.12,0.00,0.00,0.80,True,True
2026-03-30T17:45:49.531357+00:00,2026-03-30T19:45:49.531357+02:00,2026-03-29T22:00:00+00:00,2026-03-30T00:00:00+02:00,2026-03-30T03:17:02+00:00,2026-03-30T05:17:02+02:00,25633034,26883891,26883891,UKOIL_ecn,0,0,0.02,0.00,0.00,0.00,0.20,True,False
2026-03-30T17:45:49.531357+00:00,2026-03-30T19:45:49.531357+02:00,2026-03-29T22:00:00+00:00,2026-03-30T00:00:00+02:00,2026-03-30T10:43:54+00:00,2026-03-30T12:43:54+02:00,25641841,26893205,26883891,UKOIL_ecn,1,1,0.02,3.96,0.00,0.00,0.20,True,True
2026-03-30T17:45:49.531357+00:00,2026-03-30T19:45:49.531357+02:00,2026-03-29T22:00:00+00:00,2026-03-30T00:00:00+02:00,2026-03-30T10:52:23+00:00,2026-03-30T12:52:23+02:00,25642072,26893436,26893436,USOIL_ecn,0,1,0.02,0.00,0.00,0.00,0.20,True,False
2026-03-30T17:45:49.531357+00:00,2026-03-30T19:45:49.531357+02:00,2026-03-29T22:00:00+00:00,2026-03-30T00:00:00+02:00,2026-03-30T11:44:13+00:00,2026-03-30T13:44:13+02:00,25643464,26894848,26880122,GBPAUD_ecn,1,0,0.08,6.14,-0.07,0.00,0.80,True,True
2026-03-30T17:45:49.531357+00:00,2026-03-30T19:45:49.531357+02:00,2026-03-29T22:00:00+00:00,2026-03-30T00:00:00+02:00,2026-03-30T11:51:46+00:00,2026-03-30T13:51:46+02:00,25643803,26895164,26893436,USOIL_ecn,1,0,0.02,20.90,0.00,0.00,0.20,True,True
2026-03-30T17:45:49.531357+00:00,2026-03-30T19:45:49.531357+02:00,2026-03-29T22:00:00+00:00,2026-03-30T00:00:00+02:00,2026-03-30T11:51:51+00:00,2026-03-30T13:51:51+02:00,25643811,26895172,26895172,BTCUSD_ecn,0,0,0.01,0.00,0.00,-0.81,0.10,False,False
2026-03-30T17:45:49.531357+00:00,2026-03-30T19:45:49.531357+02:00,2026-03-29T22:00:00+00:00,2026-03-30T00:00:00+02:00,2026-03-30T17:38:06+00:00,2026-03-30T19:38:06+02:00,25660038,26910626,26883328,USDCAD_ecn,1,1,0.03,7.23,0.00,0.00,0.30,True,True
2026-03-30T17:45:49.531357+00:00,2026-03-30T19:45:49.531357+02:00,2026-03-29T22:00:00+00:00,2026-03-30T00:00:00+02:00,2026-03-30T17:38:23+00:00,2026-03-30T19:38:23+02:00,25660052,26910638,26852587,NOKSEK_ecn,1,1,0.07,0.82,0.01,0.00,0.70,True,True
2026-03-30T18:45:51.236434+00:00,2026-03-30T20:45:51.236434+02:00,2026-03-29T22:00:00+00:00,2026-03-30T00:00:00+02:00,2026-03-30T01:07:29+00:00,2026-03-30T03:07:29+02:00,25630921,26881838,26878434,XPDUSD_ecn,1,0,0.01,6.84,-0.06,0.00,0.10,True,True
2026-03-30T18:45:51.236434+00:00,2026-03-30T20:45:51.236434+02:00,2026-03-29T22:00:00+00:00,2026-03-30T00:00:00+02:00,2026-03-30T02:47:08+00:00,2026-03-30T04:47:08+02:00,25632271,26883150,26863550,NZDJPY_ecn,1,0,0.08,6.39,-0.36,0.00,0.80,True,True
2026-03-30T18:45:51.236434+00:00,2026-03-30T20:45:51.236434+02:00,2026-03-29T22:00:00+00:00,2026-03-30T00:00:00+02:00,2026-03-30T02:56:02+00:00,2026-03-30T04:56:02+02:00,25632470,26883325,26883325,VIX_ecn,0,0,0.04,0.00,0.00,0.00,0.40,False,False
2026-03-30T18:45:51.236434+00:00,2026-03-30T20:45:51.236434+02:00,2026-03-29T22:00:00+00:00,2026-03-30T00:00:00+02:00,2026-03-30T02:56:08+00:00,2026-03-30T04:56:08+02:00,25632473,26883328,26883328,USDCAD_ecn,0,0,0.03,0.00,0.00,-0.30,0.30,True,False
2026-03-30T18:45:51.236434+00:00,2026-03-30T20:45:51.236434+02:00,2026-03-29T22:00:00+00:00,2026-03-30T00:00:00+02:00,2026-03-30T02:56:14+00:00,2026-03-30T04:56:14+02:00,25632476,26883331,26883331,USOIL_ecn,0,0,0.08,0.00,0.00,0.00,0.80,True,False
2026-03-30T18:45:51.236434+00:00,2026-03-30T20:45:51.236434+02:00,2026-03-29T22:00:00+00:00,2026-03-30T00:00:00+02:00,2026-03-30T03:08:26+00:00,2026-03-30T05:08:26+02:00,25632866,26883725,26883331,USOIL_ecn,1,1,0.08,15.12,0.00,0.00,0.80,True,True
2026-03-30T18:45:51.236434+00:00,2026-03-30T20:45:51.236434+02:00,2026-03-29T22:00:00+00:00,2026-03-30T00:00:00+02:00,2026-03-30T03:17:02+00:00,2026-03-30T05:17:02+02:00,25633034,26883891,26883891,UKOIL_ecn,0,0,0.02,0.00,0.00,0.00,0.20,True,False
2026-03-30T18:45:51.236434+00:00,2026-03-30T20:45:51.236434+02:00,2026-03-29T22:00:00+00:00,2026-03-30T00:00:00+02:00,2026-03-30T10:43:54+00:00,2026-03-30T12:43:54+02:00,25641841,26893205,26883891,UKOIL_ecn,1,1,0.02,3.96,0.00,0.00,0.20,True,True
2026-03-30T18:45:51.236434+00:00,2026-03-30T20:45:51.236434+02:00,2026-03-29T22:00:00+00:00,2026-03-30T00:00:00+02:00,2026-03-30T10:52:23+00:00,2026-03-30T12:52:23+02:00,25642072,26893436,26893436,USOIL_ecn,0,1,0.02,0.00,0.00,0.00,0.20,True,False
2026-03-30T18:45:51.236434+00:00,2026-03-30T20:45:51.236434+02:00,2026-03-29T22:00:00+00:00,2026-03-30T00:00:00+02:00,2026-03-30T11:44:13+00:00,2026-03-30T13:44:13+02:00,25643464,26894848,26880122,GBPAUD_ecn,1,0,0.08,6.14,-0.07,0.00,0.80,True,True
2026-03-30T18:45:51.236434+00:00,2026-03-30T20:45:51.236434+02:00,2026-03-29T22:00:00+00:00,2026-03-30T00:00:00+02:00,2026-03-30T11:51:46+00:00,2026-03-30T13:51:46+02:00,25643803,26895164,26893436,USOIL_ecn,1,0,0.02,20.90,0.00,0.00,0.20,True,True
2026-03-30T18:45:51.236434+00:00,2026-03-30T20:45:51.236434+02:00,2026-03-29T22:00:00+00:00,2026-03-30T00:00:00+02:00,2026-03-30T11:51:51+00:00,2026-03-30T13:51:51+02:00,25643811,26895172,26895172,BTCUSD_ecn,0,0,0.01,0.00,0.00,-0.81,0.10,True,False
2026-03-30T18:45:51.236434+00:00,2026-03-30T20:45:51.236434+02:00,2026-03-29T22:00:00+00:00,2026-03-30T00:00:00+02:00,2026-03-30T17:38:06+00:00,2026-03-30T19:38:06+02:00,25660038,26910626,26883328,USDCAD_ecn,1,1,0.03,7.23,0.00,0.00,0.30,True,True
2026-03-30T18:45:51.236434+00:00,2026-03-30T20:45:51.236434+02:00,2026-03-29T22:00:00+00:00,2026-03-30T00:00:00+02:00,2026-03-30T17:38:23+00:00,2026-03-30T19:38:23+02:00,25660052,26910638,26852587,NOKSEK_ecn,1,1,0.07,0.82,0.01,0.00,0.70,True,True
2026-03-30T18:45:51.236434+00:00,2026-03-30T20:45:51.236434+02:00,2026-03-29T22:00:00+00:00,2026-03-30T00:00:00+02:00,2026-03-30T18:00:46+00:00,2026-03-30T20:00:46+02:00,25660975,26911550,26895172,BTCUSD_ecn,1,1,0.01,0.45,0.00,0.00,0.10,True,True
2026-03-30T18:45:51.236434+00:00,2026-03-30T20:45:51.236434+02:00,2026-03-29T22:00:00+00:00,2026-03-30T00:00:00+02:00,2026-03-30T18:10:36+00:00,2026-03-30T20:10:36+02:00,25661446,26912003,26912003,USDSEK_ecn,0,0,0.05,0.00,0.00,-0.50,0.50,False,False
2026-03-30T18:45:51.236434+00:00,2026-03-30T20:45:51.236434+02:00,2026-03-29T22:00:00+00:00,2026-03-30T00:00:00+02:00,2026-03-30T18:10:42+00:00,2026-03-30T20:10:42+02:00,25661451,26912008,26912008,USDSGD_ecn,0,0,0.08,0.00,0.00,-0.80,0.80,False,False
2026-03-30T19:45:52.919571+00:00,2026-03-30T21:45:52.919571+02:00,2026-03-29T22:00:00+00:00,2026-03-30T00:00:00+02:00,2026-03-30T01:07:29+00:00,2026-03-30T03:07:29+02:00,25630921,26881838,26878434,XPDUSD_ecn,1,0,0.01,6.84,-0.06,0.00,0.10,True,True
2026-03-30T19:45:52.919571+00:00,2026-03-30T21:45:52.919571+02:00,2026-03-29T22:00:00+00:00,2026-03-30T00:00:00+02:00,2026-03-30T02:47:08+00:00,2026-03-30T04:47:08+02:00,25632271,26883150,26863550,NZDJPY_ecn,1,0,0.08,6.39,-0.36,0.00,0.80,True,True
2026-03-30T19:45:52.919571+00:00,2026-03-30T21:45:52.919571+02:00,2026-03-29T22:00:00+00:00,2026-03-30T00:00:00+02:00,2026-03-30T02:56:02+00:00,2026-03-30T04:56:02+02:00,25632470,26883325,26883325,VIX_ecn,0,0,0.04,0.00,0.00,0.00,0.40,False,False
2026-03-30T19:45:52.919571+00:00,2026-03-30T21:45:52.919571+02:00,2026-03-29T22:00:00+00:00,2026-03-30T00:00:00+02:00,2026-03-30T02:56:08+00:00,2026-03-30T04:56:08+02:00,25632473,26883328,26883328,USDCAD_ecn,0,0,0.03,0.00,0.00,-0.30,0.30,True,False
2026-03-30T19:45:52.919571+00:00,2026-03-30T21:45:52.919571+02:00,2026-03-29T22:00:00+00:00,2026-03-30T00:00:00+02:00,2026-03-30T02:56:14+00:00,2026-03-30T04:56:14+02:00,25632476,26883331,26883331,USOIL_ecn,0,0,0.08,0.00,0.00,0.00,0.80,True,False
2026-03-30T19:45:52.919571+00:00,2026-03-30T21:45:52.919571+02:00,2026-03-29T22:00:00+00:00,2026-03-30T00:00:00+02:00,2026-03-30T03:08:26+00:00,2026-03-30T05:08:26+02:00,25632866,26883725,26883331,USOIL_ecn,1,1,0.08,15.12,0.00,0.00,0.80,True,True
2026-03-30T19:45:52.919571+00:00,2026-03-30T21:45:52.919571+02:00,2026-03-29T22:00:00+00:00,2026-03-30T00:00:00+02:00,2026-03-30T03:17:02+00:00,2026-03-30T05:17:02+02:00,25633034,26883891,26883891,UKOIL_ecn,0,0,0.02,0.00,0.00,0.00,0.20,True,False
2026-03-30T19:45:52.919571+00:00,2026-03-30T21:45:52.919571+02:00,2026-03-29T22:00:00+00:00,2026-03-30T00:00:00+02:00,2026-03-30T10:43:54+00:00,2026-03-30T12:43:54+02:00,25641841,26893205,26883891,UKOIL_ecn,1,1,0.02,3.96,0.00,0.00,0.20,True,True
2026-03-30T19:45:52.919571+00:00,2026-03-30T21:45:52.919571+02:00,2026-03-29T22:00:00+00:00,2026-03-30T00:00:00+02:00,2026-03-30T10:52:23+00:00,2026-03-30T12:52:23+02:00,25642072,26893436,26893436,USOIL_ecn,0,1,0.02,0.00,0.00,0.00,0.20,True,False
2026-03-30T19:45:52.919571+00:00,2026-03-30T21:45:52.919571+02:00,2026-03-29T22:00:00+00:00,2026-03-30T00:00:00+02:00,2026-03-30T11:44:13+00:00,2026-03-30T13:44:13+02:00,25643464,26894848,26880122,GBPAUD_ecn,1,0,0.08,6.14,-0.07,0.00,0.80,True,True
2026-03-30T19:45:52.919571+00:00,2026-03-30T21:45:52.919571+02:00,2026-03-29T22:00:00+00:00,2026-03-30T00:00:00+02:00,2026-03-30T11:51:46+00:00,2026-03-30T13:51:46+02:00,25643803,26895164,26893436,USOIL_ecn,1,0,0.02,20.90,0.00,0.00,0.20,True,True
2026-03-30T19:45:52.919571+00:00,2026-03-30T21:45:52.919571+02:00,2026-03-29T22:00:00+00:00,2026-03-30T00:00:00+02:00,2026-03-30T11:51:51+00:00,2026-03-30T13:51:51+02:00,25643811,26895172,26895172,BTCUSD_ecn,0,0,0.01,0.00,0.00,-0.81,0.10,True,False
2026-03-30T19:45:52.919571+00:00,2026-03-30T21:45:52.919571+02:00,2026-03-29T22:00:00+00:00,2026-03-30T00:00:00+02:00,2026-03-30T17:38:06+00:00,2026-03-30T19:38:06+02:00,25660038,26910626,26883328,USDCAD_ecn,1,1,0.03,7.23,0.00,0.00,0.30,True,True
2026-03-30T19:45:52.919571+00:00,2026-03-30T21:45:52.919571+02:00,2026-03-29T22:00:00+00:00,2026-03-30T00:00:00+02:00,2026-03-30T17:38:23+00:00,2026-03-30T19:38:23+02:00,25660052,26910638,26852587,NOKSEK_ecn,1,1,0.07,0.82,0.01,0.00,0.70,True,True
2026-03-30T19:45:52.919571+00:00,2026-03-30T21:45:52.919571+02:00,2026-03-29T22:00:00+00:00,2026-03-30T00:00:00+02:00,2026-03-30T18:00:46+00:00,2026-03-30T20:00:46+02:00,25660975,26911550,26895172,BTCUSD_ecn,1,1,0.01,0.45,0.00,0.00,0.10,True,True
2026-03-30T19:45:52.919571+00:00,2026-03-30T21:45:52.919571+02:00,2026-03-29T22:00:00+00:00,2026-03-30T00:00:00+02:00,2026-03-30T18:10:36+00:00,2026-03-30T20:10:36+02:00,25661446,26912003,26912003,USDSEK_ecn,0,0,0.05,0.00,0.00,-0.50,0.50,False,False
2026-03-30T19:45:52.919571+00:00,2026-03-30T21:45:52.919571+02:00,2026-03-29T22:00:00+00:00,2026-03-30T00:00:00+02:00,2026-03-30T18:10:42+00:00,2026-03-30T20:10:42+02:00,25661451,26912008,26912008,USDSGD_ecn,0,0,0.08,0.00,0.00,-0.80,0.80,False,False
2026-03-30T20:45:09.199459+00:00,2026-03-30T22:45:09.199459+02:00,2026-03-29T22:00:00+00:00,2026-03-30T00:00:00+02:00,2026-03-30T01:07:29+00:00,2026-03-30T03:07:29+02:00,25630921,26881838,26878434,XPDUSD_ecn,1,0,0.01,6.84,-0.06,0.00,0.10,True,True
2026-03-30T20:45:09.199459+00:00,2026-03-30T22:45:09.199459+02:00,2026-03-29T22:00:00+00:00,2026-03-30T00:00:00+02:00,2026-03-30T02:47:08+00:00,2026-03-30T04:47:08+02:00,25632271,26883150,26863550,NZDJPY_ecn,1,0,0.08,6.39,-0.36,0.00,0.80,True,True
2026-03-30T20:45:09.199459+00:00,2026-03-30T22:45:09.199459+02:00,2026-03-29T22:00:00+00:00,2026-03-30T00:00:00+02:00,2026-03-30T02:56:02+00:00,2026-03-30T04:56:02+02:00,25632470,26883325,26883325,VIX_ecn,0,0,0.04,0.00,0.00,0.00,0.40,False,False
2026-03-30T20:45:09.199459+00:00,2026-03-30T22:45:09.199459+02:00,2026-03-29T22:00:00+00:00,2026-03-30T00:00:00+02:00,2026-03-30T02:56:08+00:00,2026-03-30T04:56:08+02:00,25632473,26883328,26883328,USDCAD_ecn,0,0,0.03,0.00,0.00,-0.30,0.30,True,False
2026-03-30T20:45:09.199459+00:00,2026-03-30T22:45:09.199459+02:00,2026-03-29T22:00:00+00:00,2026-03-30T00:00:00+02:00,2026-03-30T02:56:14+00:00,2026-03-30T04:56:14+02:00,25632476,26883331,26883331,USOIL_ecn,0,0,0.08,0.00,0.00,0.00,0.80,True,False
2026-03-30T20:45:09.199459+00:00,2026-03-30T22:45:09.199459+02:00,2026-03-29T22:00:00+00:00,2026-03-30T00:00:00+02:00,2026-03-30T03:08:26+00:00,2026-03-30T05:08:26+02:00,25632866,26883725,26883331,USOIL_ecn,1,1,0.08,15.12,0.00,0.00,0.80,True,True
2026-03-30T20:45:09.199459+00:00,2026-03-30T22:45:09.199459+02:00,2026-03-29T22:00:00+00:00,2026-03-30T00:00:00+02:00,2026-03-30T03:17:02+00:00,2026-03-30T05:17:02+02:00,25633034,26883891,26883891,UKOIL_ecn,0,0,0.02,0.00,0.00,0.00,0.20,True,False
2026-03-30T20:45:09.199459+00:00,2026-03-30T22:45:09.199459+02:00,2026-03-29T22:00:00+00:00,2026-03-30T00:00:00+02:00,2026-03-30T10:43:54+00:00,2026-03-30T12:43:54+02:00,25641841,26893205,26883891,UKOIL_ecn,1,1,0.02,3.96,0.00,0.00,0.20,True,True
2026-03-30T20:45:09.199459+00:00,2026-03-30T22:45:09.199459+02:00,2026-03-29T22:00:00+00:00,2026-03-30T00:00:00+02:00,2026-03-30T10:52:23+00:00,2026-03-30T12:52:23+02:00,25642072,26893436,26893436,USOIL_ecn,0,1,0.02,0.00,0.00,0.00,0.20,True,False
2026-03-30T20:45:09.199459+00:00,2026-03-30T22:45:09.199459+02:00,2026-03-29T22:00:00+00:00,2026-03-30T00:00:00+02:00,2026-03-30T11:44:13+00:00,2026-03-30T13:44:13+02:00,25643464,26894848,26880122,GBPAUD_ecn,1,0,0.08,6.14,-0.07,0.00,0.80,True,True
2026-03-30T20:45:09.199459+00:00,2026-03-30T22:45:09.199459+02:00,2026-03-29T22:00:00+00:00,2026-03-30T00:00:00+02:00,2026-03-30T11:51:46+00:00,2026-03-30T13:51:46+02:00,25643803,26895164,26893436,USOIL_ecn,1,0,0.02,20.90,0.00,0.00,0.20,True,True
2026-03-30T20:45:09.199459+00:00,2026-03-30T22:45:09.199459+02:00,2026-03-29T22:00:00+00:00,2026-03-30T00:00:00+02:00,2026-03-30T11:51:51+00:00,2026-03-30T13:51:51+02:00,25643811,26895172,26895172,BTCUSD_ecn,0,0,0.01,0.00,0.00,-0.81,0.10,True,False
2026-03-30T20:45:09.199459+00:00,2026-03-30T22:45:09.199459+02:00,2026-03-29T22:00:00+00:00,2026-03-30T00:00:00+02:00,2026-03-30T17:38:06+00:00,2026-03-30T19:38:06+02:00,25660038,26910626,26883328,USDCAD_ecn,1,1,0.03,7.23,0.00,0.00,0.30,True,True
2026-03-30T20:45:09.199459+00:00,2026-03-30T22:45:09.199459+02:00,2026-03-29T22:00:00+00:00,2026-03-30T00:00:00+02:00,2026-03-30T17:38:23+00:00,2026-03-30T19:38:23+02:00,25660052,26910638,26852587,NOKSEK_ecn,1,1,0.07,0.82,0.01,0.00,0.70,True,True
2026-03-30T20:45:09.199459+00:00,2026-03-30T22:45:09.199459+02:00,2026-03-29T22:00:00+00:00,2026-03-30T00:00:00+02:00,2026-03-30T18:00:46+00:00,2026-03-30T20:00:46+02:00,25660975,26911550,26895172,BTCUSD_ecn,1,1,0.01,0.45,0.00,0.00,0.10,True,True
2026-03-30T20:45:09.199459+00:00,2026-03-30T22:45:09.199459+02:00,2026-03-29T22:00:00+00:00,2026-03-30T00:00:00+02:00,2026-03-30T18:10:36+00:00,2026-03-30T20:10:36+02:00,25661446,26912003,26912003,USDSEK_ecn,0,0,0.05,0.00,0.00,-0.50,0.50,False,False
2026-03-30T20:45:09.199459+00:00,2026-03-30T22:45:09.199459+02:00,2026-03-29T22:00:00+00:00,2026-03-30T00:00:00+02:00,2026-03-30T18:10:42+00:00,2026-03-30T20:10:42+02:00,25661451,26912008,26912008,USDSGD_ecn,0,0,0.08,0.00,0.00,-0.80,0.80,False,False
2026-03-30T21:45:10.747328+00:00,2026-03-30T23:45:10.747328+02:00,2026-03-29T22:00:00+00:00,2026-03-30T00:00:00+02:00,2026-03-30T01:07:29+00:00,2026-03-30T03:07:29+02:00,25630921,26881838,26878434,XPDUSD_ecn,1,0,0.01,6.84,-0.06,0.00,0.10,True,True
2026-03-30T21:45:10.747328+00:00,2026-03-30T23:45:10.747328+02:00,2026-03-29T22:00:00+00:00,2026-03-30T00:00:00+02:00,2026-03-30T02:47:08+00:00,2026-03-30T04:47:08+02:00,25632271,26883150,26863550,NZDJPY_ecn,1,0,0.08,6.39,-0.36,0.00,0.80,True,True
2026-03-30T21:45:10.747328+00:00,2026-03-30T23:45:10.747328+02:00,2026-03-29T22:00:00+00:00,2026-03-30T00:00:00+02:00,2026-03-30T02:56:02+00:00,2026-03-30T04:56:02+02:00,25632470,26883325,26883325,VIX_ecn,0,0,0.04,0.00,0.00,0.00,0.40,False,False
2026-03-30T21:45:10.747328+00:00,2026-03-30T23:45:10.747328+02:00,2026-03-29T22:00:00+00:00,2026-03-30T00:00:00+02:00,2026-03-30T02:56:08+00:00,2026-03-30T04:56:08+02:00,25632473,26883328,26883328,USDCAD_ecn,0,0,0.03,0.00,0.00,-0.30,0.30,True,False
2026-03-30T21:45:10.747328+00:00,2026-03-30T23:45:10.747328+02:00,2026-03-29T22:00:00+00:00,2026-03-30T00:00:00+02:00,2026-03-30T02:56:14+00:00,2026-03-30T04:56:14+02:00,25632476,26883331,26883331,USOIL_ecn,0,0,0.08,0.00,0.00,0.00,0.80,True,False
2026-03-30T21:45:10.747328+00:00,2026-03-30T23:45:10.747328+02:00,2026-03-29T22:00:00+00:00,2026-03-30T00:00:00+02:00,2026-03-30T03:08:26+00:00,2026-03-30T05:08:26+02:00,25632866,26883725,26883331,USOIL_ecn,1,1,0.08,15.12,0.00,0.00,0.80,True,True
2026-03-30T21:45:10.747328+00:00,2026-03-30T23:45:10.747328+02:00,2026-03-29T22:00:00+00:00,2026-03-30T00:00:00+02:00,2026-03-30T03:17:02+00:00,2026-03-30T05:17:02+02:00,25633034,26883891,26883891,UKOIL_ecn,0,0,0.02,0.00,0.00,0.00,0.20,True,False
2026-03-30T21:45:10.747328+00:00,2026-03-30T23:45:10.747328+02:00,2026-03-29T22:00:00+00:00,2026-03-30T00:00:00+02:00,2026-03-30T10:43:54+00:00,2026-03-30T12:43:54+02:00,25641841,26893205,26883891,UKOIL_ecn,1,1,0.02,3.96,0.00,0.00,0.20,True,True
2026-03-30T21:45:10.747328+00:00,2026-03-30T23:45:10.747328+02:00,2026-03-29T22:00:00+00:00,2026-03-30T00:00:00+02:00,2026-03-30T10:52:23+00:00,2026-03-30T12:52:23+02:00,25642072,26893436,26893436,USOIL_ecn,0,1,0.02,0.00,0.00,0.00,0.20,True,False
2026-03-30T21:45:10.747328+00:00,2026-03-30T23:45:10.747328+02:00,2026-03-29T22:00:00+00:00,2026-03-30T00:00:00+02:00,2026-03-30T11:44:13+00:00,2026-03-30T13:44:13+02:00,25643464,26894848,26880122,GBPAUD_ecn,1,0,0.08,6.14,-0.07,0.00,0.80,True,True
2026-03-30T21:45:10.747328+00:00,2026-03-30T23:45:10.747328+02:00,2026-03-29T22:00:00+00:00,2026-03-30T00:00:00+02:00,2026-03-30T11:51:46+00:00,2026-03-30T13:51:46+02:00,25643803,26895164,26893436,USOIL_ecn,1,0,0.02,20.90,0.00,0.00,0.20,True,True
2026-03-30T21:45:10.747328+00:00,2026-03-30T23:45:10.747328+02:00,2026-03-29T22:00:00+00:00,2026-03-30T00:00:00+02:00,2026-03-30T11:51:51+00:00,2026-03-30T13:51:51+02:00,25643811,26895172,26895172,BTCUSD_ecn,0,0,0.01,0.00,0.00,-0.81,0.10,True,False
2026-03-30T21:45:10.747328+00:00,2026-03-30T23:45:10.747328+02:00,2026-03-29T22:00:00+00:00,2026-03-30T00:00:00+02:00,2026-03-30T17:38:06+00:00,2026-03-30T19:38:06+02:00,25660038,26910626,26883328,USDCAD_ecn,1,1,0.03,7.23,0.00,0.00,0.30,True,True
2026-03-30T21:45:10.747328+00:00,2026-03-30T23:45:10.747328+02:00,2026-03-29T22:00:00+00:00,2026-03-30T00:00:00+02:00,2026-03-30T17:38:23+00:00,2026-03-30T19:38:23+02:00,25660052,26910638,26852587,NOKSEK_ecn,1,1,0.07,0.82,0.01,0.00,0.70,True,True
2026-03-30T21:45:10.747328+00:00,2026-03-30T23:45:10.747328+02:00,2026-03-29T22:00:00+00:00,2026-03-30T00:00:00+02:00,2026-03-30T18:00:46+00:00,2026-03-30T20:00:46+02:00,25660975,26911550,26895172,BTCUSD_ecn,1,1,0.01,0.45,0.00,0.00,0.10,True,True
2026-03-30T21:45:10.747328+00:00,2026-03-30T23:45:10.747328+02:00,2026-03-29T22:00:00+00:00,2026-03-30T00:00:00+02:00,2026-03-30T18:10:36+00:00,2026-03-30T20:10:36+02:00,25661446,26912003,26912003,USDSEK_ecn,0,0,0.05,0.00,0.00,-0.50,0.50,False,False
2026-03-30T21:45:10.747328+00:00,2026-03-30T23:45:10.747328+02:00,2026-03-29T22:00:00+00:00,2026-03-30T00:00:00+02:00,2026-03-30T18:10:42+00:00,2026-03-30T20:10:42+02:00,25661451,26912008,26912008,USDSGD_ecn,0,0,0.08,0.00,0.00,-0.80,0.80,False,False
2026-03-30T23:45:19.459499+00:00,2026-03-31T01:45:19.459499+02:00,2026-03-30T22:00:00+00:00,2026-03-31T00:00:00+02:00,2026-03-30T22:45:52+00:00,2026-03-31T00:45:52+02:00,25667717,26918250,26275438,AUDCAD_ecn,1,0,0.05,-17.38,-5.79,0.00,0.50,True,True
2026-03-30T23:45:19.459499+00:00,2026-03-31T01:45:19.459499+02:00,2026-03-30T22:00:00+00:00,2026-03-31T00:00:00+02:00,2026-03-30T23:03:05+00:00,2026-03-31T01:03:05+02:00,25667907,26918453,26918453,USDCHF_ecn,0,0,0.06,0.00,0.00,-0.60,0.60,False,False
2026-03-31T00:45:21.662912+00:00,2026-03-31T02:45:21.662912+02:00,2026-03-30T22:00:00+00:00,2026-03-31T00:00:00+02:00,2026-03-30T22:45:52+00:00,2026-03-31T00:45:52+02:00,25667717,26918250,26275438,AUDCAD_ecn,1,0,0.05,-17.38,-5.79,0.00,0.50,True,True
2026-03-31T00:45:21.662912+00:00,2026-03-31T02:45:21.662912+02:00,2026-03-30T22:00:00+00:00,2026-03-31T00:00:00+02:00,2026-03-30T23:03:05+00:00,2026-03-31T01:03:05+02:00,25667907,26918453,26918453,USDCHF_ecn,0,0,0.06,0.00,0.00,-0.60,0.60,False,False
2026-03-31T01:45:24.171933+00:00,2026-03-31T03:45:24.171933+02:00,2026-03-30T22:00:00+00:00,2026-03-31T00:00:00+02:00,2026-03-30T22:45:52+00:00,2026-03-31T00:45:52+02:00,25667717,26918250,26275438,AUDCAD_ecn,1,0,0.05,-17.38,-5.79,0.00,0.50,True,True
2026-03-31T01:45:24.171933+00:00,2026-03-31T03:45:24.171933+02:00,2026-03-30T22:00:00+00:00,2026-03-31T00:00:00+02:00,2026-03-30T23:03:05+00:00,2026-03-31T01:03:05+02:00,25667907,26918453,26918453,USDCHF_ecn,0,0,0.06,0.00,0.00,-0.60,0.60,False,False
2026-03-31T02:45:25.831264+00:00,2026-03-31T04:45:25.831264+02:00,2026-03-30T22:00:00+00:00,2026-03-31T00:00:00+02:00,2026-03-30T22:45:52+00:00,2026-03-31T00:45:52+02:00,25667717,26918250,26275438,AUDCAD_ecn,1,0,0.05,-17.38,-5.79,0.00,0.50,True,True
2026-03-31T02:45:25.831264+00:00,2026-03-31T04:45:25.831264+02:00,2026-03-30T22:00:00+00:00,2026-03-31T00:00:00+02:00,2026-03-30T23:03:05+00:00,2026-03-31T01:03:05+02:00,25667907,26918453,26918453,USDCHF_ecn,0,0,0.06,0.00,0.00,-0.60,0.60,False,False
2026-03-31T03:45:27.481966+00:00,2026-03-31T05:45:27.481966+02:00,2026-03-30T22:00:00+00:00,2026-03-31T00:00:00+02:00,2026-03-30T22:45:52+00:00,2026-03-31T00:45:52+02:00,25667717,26918250,26275438,AUDCAD_ecn,1,0,0.05,-17.38,-5.79,0.00,0.50,True,True
2026-03-31T03:45:27.481966+00:00,2026-03-31T05:45:27.481966+02:00,2026-03-30T22:00:00+00:00,2026-03-31T00:00:00+02:00,2026-03-30T23:03:05+00:00,2026-03-31T01:03:05+02:00,25667907,26918453,26918453,USDCHF_ecn,0,0,0.06,0.00,0.00,-0.60,0.60,False,False
2026-03-31T04:45:29.599525+00:00,2026-03-31T06:45:29.599525+02:00,2026-03-30T22:00:00+00:00,2026-03-31T00:00:00+02:00,2026-03-30T22:45:52+00:00,2026-03-31T00:45:52+02:00,25667717,26918250,26275438,AUDCAD_ecn,1,0,0.05,-17.38,-5.79,0.00,0.50,True,True
2026-03-31T04:45:29.599525+00:00,2026-03-31T06:45:29.599525+02:00,2026-03-30T22:00:00+00:00,2026-03-31T00:00:00+02:00,2026-03-30T23:03:05+00:00,2026-03-31T01:03:05+02:00,25667907,26918453,26918453,USDCHF_ecn,0,0,0.06,0.00,0.00,-0.60,0.60,False,False
2026-03-31T05:45:31.341666+00:00,2026-03-31T07:45:31.341666+02:00,2026-03-30T22:00:00+00:00,2026-03-31T00:00:00+02:00,2026-03-30T22:45:52+00:00,2026-03-31T00:45:52+02:00,25667717,26918250,26275438,AUDCAD_ecn,1,0,0.05,-17.38,-5.79,0.00,0.50,True,True
2026-03-31T05:45:31.341666+00:00,2026-03-31T07:45:31.341666+02:00,2026-03-30T22:00:00+00:00,2026-03-31T00:00:00+02:00,2026-03-30T23:03:05+00:00,2026-03-31T01:03:05+02:00,25667907,26918453,26918453,USDCHF_ecn,0,0,0.06,0.00,0.00,-0.60,0.60,False,False
2026-03-31T07:45:13.427334+00:00,2026-03-31T09:45:13.427334+02:00,2026-03-30T22:00:00+00:00,2026-03-31T00:00:00+02:00,2026-03-30T22:45:52+00:00,2026-03-31T00:45:52+02:00,25667717,26918250,26275438,AUDCAD_ecn,1,0,0.05,-17.38,-5.79,0.00,0.50,True,True
2026-03-31T07:45:13.427334+00:00,2026-03-31T09:45:13.427334+02:00,2026-03-30T22:00:00+00:00,2026-03-31T00:00:00+02:00,2026-03-30T23:03:05+00:00,2026-03-31T01:03:05+02:00,25667907,26918453,26918453,USDCHF_ecn,0,0,0.06,0.00,0.00,-0.60,0.60,False,False
2026-03-31T08:45:15.178742+00:00,2026-03-31T10:45:15.178742+02:00,2026-03-30T22:00:00+00:00,2026-03-31T00:00:00+02:00,2026-03-30T22:45:52+00:00,2026-03-31T00:45:52+02:00,25667717,26918250,26275438,AUDCAD_ecn,1,0,0.05,-17.38,-5.79,0.00,0.50,True,True
2026-03-31T08:45:15.178742+00:00,2026-03-31T10:45:15.178742+02:00,2026-03-30T22:00:00+00:00,2026-03-31T00:00:00+02:00,2026-03-30T23:03:05+00:00,2026-03-31T01:03:05+02:00,25667907,26918453,26918453,USDCHF_ecn,0,0,0.06,0.00,0.00,-0.60,0.60,False,False
2026-03-31T09:45:17.268403+00:00,2026-03-31T11:45:17.268403+02:00,2026-03-30T22:00:00+00:00,2026-03-31T00:00:00+02:00,2026-03-30T22:45:52+00:00,2026-03-31T00:45:52+02:00,25667717,26918250,26275438,AUDCAD_ecn,1,0,0.05,-17.38,-5.79,0.00,0.50,True,True
2026-03-31T09:45:17.268403+00:00,2026-03-31T11:45:17.268403+02:00,2026-03-30T22:00:00+00:00,2026-03-31T00:00:00+02:00,2026-03-30T23:03:05+00:00,2026-03-31T01:03:05+02:00,25667907,26918453,26918453,USDCHF_ecn,0,0,0.06,0.00,0.00,-0.60,0.60,False,False
2026-03-31T10:45:19.709661+00:00,2026-03-31T12:45:19.709661+02:00,2026-03-30T22:00:00+00:00,2026-03-31T00:00:00+02:00,2026-03-30T22:45:52+00:00,2026-03-31T00:45:52+02:00,25667717,26918250,26275438,AUDCAD_ecn,1,0,0.05,-17.38,-5.79,0.00,0.50,True,True
2026-03-31T10:45:19.709661+00:00,2026-03-31T12:45:19.709661+02:00,2026-03-30T22:00:00+00:00,2026-03-31T00:00:00+02:00,2026-03-30T23:03:05+00:00,2026-03-31T01:03:05+02:00,25667907,26918453,26918453,USDCHF_ecn,0,0,0.06,0.00,0.00,-0.60,0.60,False,False
2026-03-31T11:45:21.447160+00:00,2026-03-31T13:45:21.447160+02:00,2026-03-30T22:00:00+00:00,2026-03-31T00:00:00+02:00,2026-03-30T22:45:52+00:00,2026-03-31T00:45:52+02:00,25667717,26918250,26275438,AUDCAD_ecn,1,0,0.05,-17.38,-5.79,0.00,0.50,True,True
2026-03-31T11:45:21.447160+00:00,2026-03-31T13:45:21.447160+02:00,2026-03-30T22:00:00+00:00,2026-03-31T00:00:00+02:00,2026-03-30T23:03:05+00:00,2026-03-31T01:03:05+02:00,25667907,26918453,26918453,USDCHF_ecn,0,0,0.06,0.00,0.00,-0.60,0.60,False,False
2026-03-31T12:45:23.448630+00:00,2026-03-31T14:45:23.448630+02:00,2026-03-30T22:00:00+00:00,2026-03-31T00:00:00+02:00,2026-03-30T22:45:52+00:00,2026-03-31T00:45:52+02:00,25667717,26918250,26275438,AUDCAD_ecn,1,0,0.05,-17.38,-5.79,0.00,0.50,True,True
2026-03-31T12:45:23.448630+00:00,2026-03-31T14:45:23.448630+02:00,2026-03-30T22:00:00+00:00,2026-03-31T00:00:00+02:00,2026-03-30T23:03:05+00:00,2026-03-31T01:03:05+02:00,25667907,26918453,26918453,USDCHF_ecn,0,0,0.06,0.00,0.00,-0.60,0.60,False,False
2026-03-31T13:45:18.151055+00:00,2026-03-31T15:45:18.151055+02:00,2026-03-30T22:00:00+00:00,2026-03-31T00:00:00+02:00,2026-03-30T22:45:52+00:00,2026-03-31T00:45:52+02:00,25667717,26918250,26275438,AUDCAD_ecn,1,0,0.05,-17.38,-5.79,0.00,0.50,True,True
2026-03-31T13:45:18.151055+00:00,2026-03-31T15:45:18.151055+02:00,2026-03-30T22:00:00+00:00,2026-03-31T00:00:00+02:00,2026-03-30T23:03:05+00:00,2026-03-31T01:03:05+02:00,25667907,26918453,26918453,USDCHF_ecn,0,0,0.06,0.00,0.00,-0.60,0.60,False,False
2026-03-31T13:45:18.151055+00:00,2026-03-31T15:45:18.151055+02:00,2026-03-30T22:00:00+00:00,2026-03-31T00:00:00+02:00,2026-03-31T13:08:20+00:00,2026-03-31T15:08:20+02:00,25686661,0,0,,0,2,0.00,37.04,0.00,0.00,0.00,False,False
2026-03-31T14:45:43.217704+00:00,2026-03-31T16:45:43.217704+02:00,2026-03-30T22:00:00+00:00,2026-03-31T00:00:00+02:00,2026-03-30T22:45:52+00:00,2026-03-31T00:45:52+02:00,25667717,26918250,26275438,AUDCAD_ecn,1,0,0.05,-17.38,-5.79,0.00,0.50,True,True
2026-03-31T14:45:43.217704+00:00,2026-03-31T16:45:43.217704+02:00,2026-03-30T22:00:00+00:00,2026-03-31T00:00:00+02:00,2026-03-30T23:03:05+00:00,2026-03-31T01:03:05+02:00,25667907,26918453,26918453,USDCHF_ecn,0,0,0.06,0.00,0.00,-0.60,0.60,False,False
2026-03-31T14:45:43.217704+00:00,2026-03-31T16:45:43.217704+02:00,2026-03-30T22:00:00+00:00,2026-03-31T00:00:00+02:00,2026-03-31T13:08:20+00:00,2026-03-31T15:08:20+02:00,25686661,0,0,,0,2,0.00,37.04,0.00,0.00,0.00,False,False
2026-03-31T15:45:45.133067+00:00,2026-03-31T17:45:45.133067+02:00,2026-03-30T22:00:00+00:00,2026-03-31T00:00:00+02:00,2026-03-30T22:45:52+00:00,2026-03-31T00:45:52+02:00,25667717,26918250,26275438,AUDCAD_ecn,1,0,0.05,-17.38,-5.79,0.00,0.50,True,True
2026-03-31T15:45:45.133067+00:00,2026-03-31T17:45:45.133067+02:00,2026-03-30T22:00:00+00:00,2026-03-31T00:00:00+02:00,2026-03-30T23:03:05+00:00,2026-03-31T01:03:05+02:00,25667907,26918453,26918453,USDCHF_ecn,0,0,0.06,0.00,0.00,-0.60,0.60,False,False
2026-03-31T15:45:45.133067+00:00,2026-03-31T17:45:45.133067+02:00,2026-03-30T22:00:00+00:00,2026-03-31T00:00:00+02:00,2026-03-31T13:08:20+00:00,2026-03-31T15:08:20+02:00,25686661,0,0,,0,2,0.00,37.04,0.00,0.00,0.00,False,False
2026-03-31T16:45:46.913086+00:00,2026-03-31T18:45:46.913086+02:00,2026-03-30T22:00:00+00:00,2026-03-31T00:00:00+02:00,2026-03-30T22:45:52+00:00,2026-03-31T00:45:52+02:00,25667717,26918250,26275438,AUDCAD_ecn,1,0,0.05,-17.38,-5.79,0.00,0.50,True,True
2026-03-31T16:45:46.913086+00:00,2026-03-31T18:45:46.913086+02:00,2026-03-30T22:00:00+00:00,2026-03-31T00:00:00+02:00,2026-03-30T23:03:05+00:00,2026-03-31T01:03:05+02:00,25667907,26918453,26918453,USDCHF_ecn,0,0,0.06,0.00,0.00,-0.60,0.60,False,False
2026-03-31T16:45:46.913086+00:00,2026-03-31T18:45:46.913086+02:00,2026-03-30T22:00:00+00:00,2026-03-31T00:00:00+02:00,2026-03-31T13:08:20+00:00,2026-03-31T15:08:20+02:00,25686661,0,0,,0,2,0.00,37.04,0.00,0.00,0.00,False,False
2026-03-31T16:45:46.913086+00:00,2026-03-31T18:45:46.913086+02:00,2026-03-30T22:00:00+00:00,2026-03-31T00:00:00+02:00,2026-03-31T15:56:45+00:00,2026-03-31T17:56:45+02:00,25693599,26945463,26945463,ZARJPY_ecn,0,1,0.01,0.00,0.00,-0.10,0.10,False,False
2026-03-31T16:45:46.913086+00:00,2026-03-31T18:45:46.913086+02:00,2026-03-30T22:00:00+00:00,2026-03-31T00:00:00+02:00,2026-03-31T15:56:50+00:00,2026-03-31T17:56:50+02:00,25693603,26945467,26945467,NZDUSD_ecn,0,1,0.01,0.00,0.00,-0.10,0.10,False,False
2026-03-31T16:45:46.913086+00:00,2026-03-31T18:45:46.913086+02:00,2026-03-30T22:00:00+00:00,2026-03-31T00:00:00+02:00,2026-03-31T16:10:17+00:00,2026-03-31T18:10:17+02:00,25694217,26946076,26946076,CADJPY_ecn,0,1,0.02,0.00,0.00,-0.20,0.20,False,False
2026-03-31T17:45:48.596327+00:00,2026-03-31T19:45:48.596327+02:00,2026-03-30T22:00:00+00:00,2026-03-31T00:00:00+02:00,2026-03-30T22:45:52+00:00,2026-03-31T00:45:52+02:00,25667717,26918250,26275438,AUDCAD_ecn,1,0,0.05,-17.38,-5.79,0.00,0.50,True,True
2026-03-31T17:45:48.596327+00:00,2026-03-31T19:45:48.596327+02:00,2026-03-30T22:00:00+00:00,2026-03-31T00:00:00+02:00,2026-03-30T23:03:05+00:00,2026-03-31T01:03:05+02:00,25667907,26918453,26918453,USDCHF_ecn,0,0,0.06,0.00,0.00,-0.60,0.60,True,False
2026-03-31T17:45:48.596327+00:00,2026-03-31T19:45:48.596327+02:00,2026-03-30T22:00:00+00:00,2026-03-31T00:00:00+02:00,2026-03-31T13:08:20+00:00,2026-03-31T15:08:20+02:00,25686661,0,0,,0,2,0.00,37.04,0.00,0.00,0.00,False,False
2026-03-31T17:45:48.596327+00:00,2026-03-31T19:45:48.596327+02:00,2026-03-30T22:00:00+00:00,2026-03-31T00:00:00+02:00,2026-03-31T15:56:45+00:00,2026-03-31T17:56:45+02:00,25693599,26945463,26945463,ZARJPY_ecn,0,1,0.01,0.00,0.00,-0.10,0.10,False,False
2026-03-31T17:45:48.596327+00:00,2026-03-31T19:45:48.596327+02:00,2026-03-30T22:00:00+00:00,2026-03-31T00:00:00+02:00,2026-03-31T15:56:50+00:00,2026-03-31T17:56:50+02:00,25693603,26945467,26945467,NZDUSD_ecn,0,1,0.01,0.00,0.00,-0.10,0.10,False,False
2026-03-31T17:45:48.596327+00:00,2026-03-31T19:45:48.596327+02:00,2026-03-30T22:00:00+00:00,2026-03-31T00:00:00+02:00,2026-03-31T16:10:17+00:00,2026-03-31T18:10:17+02:00,25694217,26946076,26946076,CADJPY_ecn,0,1,0.02,0.00,0.00,-0.20,0.20,False,False
2026-03-31T17:45:48.596327+00:00,2026-03-31T19:45:48.596327+02:00,2026-03-30T22:00:00+00:00,2026-03-31T00:00:00+02:00,2026-03-31T17:10:32+00:00,2026-03-31T19:10:32+02:00,25698118,26949726,26918453,USDCHF_ecn,1,1,0.06,4.05,0.51,0.00,0.60,True,True
2026-03-31T17:45:48.596327+00:00,2026-03-31T19:45:48.596327+02:00,2026-03-30T22:00:00+00:00,2026-03-31T00:00:00+02:00,2026-03-31T17:19:37+00:00,2026-03-31T19:19:37+02:00,25698532,26950131,26950131,GBPNZD_ecn,0,1,0.01,0.00,0.00,-0.10,0.10,False,False
2026-03-31T17:45:48.596327+00:00,2026-03-31T19:45:48.596327+02:00,2026-03-30T22:00:00+00:00,2026-03-31T00:00:00+02:00,2026-03-31T17:19:42+00:00,2026-03-31T19:19:42+02:00,25698534,26950133,26950133,EURSGD_ecn,0,1,0.06,0.00,0.00,-0.60,0.60,False,False
2026-03-31T19:45:37.561680+00:00,2026-03-31T21:45:37.561680+02:00,2026-03-30T22:00:00+00:00,2026-03-31T00:00:00+02:00,2026-03-30T22:45:52+00:00,2026-03-31T00:45:52+02:00,25667717,26918250,26275438,AUDCAD_ecn,1,0,0.05,-17.38,-5.79,0.00,0.50,True,True
2026-03-31T19:45:37.561680+00:00,2026-03-31T21:45:37.561680+02:00,2026-03-30T22:00:00+00:00,2026-03-31T00:00:00+02:00,2026-03-30T23:03:05+00:00,2026-03-31T01:03:05+02:00,25667907,26918453,26918453,USDCHF_ecn,0,0,0.06,0.00,0.00,-0.60,0.60,True,False
2026-03-31T19:45:37.561680+00:00,2026-03-31T21:45:37.561680+02:00,2026-03-30T22:00:00+00:00,2026-03-31T00:00:00+02:00,2026-03-31T13:08:20+00:00,2026-03-31T15:08:20+02:00,25686661,0,0,,0,2,0.00,37.04,0.00,0.00,0.00,False,False
2026-03-31T19:45:37.561680+00:00,2026-03-31T21:45:37.561680+02:00,2026-03-30T22:00:00+00:00,2026-03-31T00:00:00+02:00,2026-03-31T15:56:45+00:00,2026-03-31T17:56:45+02:00,25693599,26945463,26945463,ZARJPY_ecn,0,1,0.01,0.00,0.00,-0.10,0.10,False,False
2026-03-31T19:45:37.561680+00:00,2026-03-31T21:45:37.561680+02:00,2026-03-30T22:00:00+00:00,2026-03-31T00:00:00+02:00,2026-03-31T15:56:50+00:00,2026-03-31T17:56:50+02:00,25693603,26945467,26945467,NZDUSD_ecn,0,1,0.01,0.00,0.00,-0.10,0.10,False,False
2026-03-31T19:45:37.561680+00:00,2026-03-31T21:45:37.561680+02:00,2026-03-30T22:00:00+00:00,2026-03-31T00:00:00+02:00,2026-03-31T16:10:17+00:00,2026-03-31T18:10:17+02:00,25694217,26946076,26946076,CADJPY_ecn,0,1,0.02,0.00,0.00,-0.20,0.20,False,False
2026-03-31T19:45:37.561680+00:00,2026-03-31T21:45:37.561680+02:00,2026-03-30T22:00:00+00:00,2026-03-31T00:00:00+02:00,2026-03-31T17:10:32+00:00,2026-03-31T19:10:32+02:00,25698118,26949726,26918453,USDCHF_ecn,1,1,0.06,4.05,0.51,0.00,0.60,True,True
2026-03-31T19:45:37.561680+00:00,2026-03-31T21:45:37.561680+02:00,2026-03-30T22:00:00+00:00,2026-03-31T00:00:00+02:00,2026-03-31T17:19:37+00:00,2026-03-31T19:19:37+02:00,25698532,26950131,26950131,GBPNZD_ecn,0,1,0.01,0.00,0.00,-0.10,0.10,False,False
2026-03-31T19:45:37.561680+00:00,2026-03-31T21:45:37.561680+02:00,2026-03-30T22:00:00+00:00,2026-03-31T00:00:00+02:00,2026-03-31T17:19:42+00:00,2026-03-31T19:19:42+02:00,25698534,26950133,26950133,EURSGD_ecn,0,1,0.06,0.00,0.00,-0.60,0.60,False,False
2026-03-31T20:45:39.338350+00:00,2026-03-31T22:45:39.338350+02:00,2026-03-30T22:00:00+00:00,2026-03-31T00:00:00+02:00,2026-03-30T22:45:52+00:00,2026-03-31T00:45:52+02:00,25667717,26918250,26275438,AUDCAD_ecn,1,0,0.05,-17.38,-5.79,0.00,0.50,True,True
2026-03-31T20:45:39.338350+00:00,2026-03-31T22:45:39.338350+02:00,2026-03-30T22:00:00+00:00,2026-03-31T00:00:00+02:00,2026-03-30T23:03:05+00:00,2026-03-31T01:03:05+02:00,25667907,26918453,26918453,USDCHF_ecn,0,0,0.06,0.00,0.00,-0.60,0.60,True,False
2026-03-31T20:45:39.338350+00:00,2026-03-31T22:45:39.338350+02:00,2026-03-30T22:00:00+00:00,2026-03-31T00:00:00+02:00,2026-03-31T13:08:20+00:00,2026-03-31T15:08:20+02:00,25686661,0,0,,0,2,0.00,37.04,0.00,0.00,0.00,False,False
2026-03-31T20:45:39.338350+00:00,2026-03-31T22:45:39.338350+02:00,2026-03-30T22:00:00+00:00,2026-03-31T00:00:00+02:00,2026-03-31T15:56:45+00:00,2026-03-31T17:56:45+02:00,25693599,26945463,26945463,ZARJPY_ecn,0,1,0.01,0.00,0.00,-0.10,0.10,False,False
2026-03-31T20:45:39.338350+00:00,2026-03-31T22:45:39.338350+02:00,2026-03-30T22:00:00+00:00,2026-03-31T00:00:00+02:00,2026-03-31T15:56:50+00:00,2026-03-31T17:56:50+02:00,25693603,26945467,26945467,NZDUSD_ecn,0,1,0.01,0.00,0.00,-0.10,0.10,False,False
2026-03-31T20:45:39.338350+00:00,2026-03-31T22:45:39.338350+02:00,2026-03-30T22:00:00+00:00,2026-03-31T00:00:00+02:00,2026-03-31T16:10:17+00:00,2026-03-31T18:10:17+02:00,25694217,26946076,26946076,CADJPY_ecn,0,1,0.02,0.00,0.00,-0.20,0.20,True,False
2026-03-31T20:45:39.338350+00:00,2026-03-31T22:45:39.338350+02:00,2026-03-30T22:00:00+00:00,2026-03-31T00:00:00+02:00,2026-03-31T17:10:32+00:00,2026-03-31T19:10:32+02:00,25698118,26949726,26918453,USDCHF_ecn,1,1,0.06,4.05,0.51,0.00,0.60,True,True
2026-03-31T20:45:39.338350+00:00,2026-03-31T22:45:39.338350+02:00,2026-03-30T22:00:00+00:00,2026-03-31T00:00:00+02:00,2026-03-31T17:19:37+00:00,2026-03-31T19:19:37+02:00,25698532,26950131,26950131,GBPNZD_ecn,0,1,0.01,0.00,0.00,-0.10,0.10,True,False
2026-03-31T20:45:39.338350+00:00,2026-03-31T22:45:39.338350+02:00,2026-03-30T22:00:00+00:00,2026-03-31T00:00:00+02:00,2026-03-31T17:19:42+00:00,2026-03-31T19:19:42+02:00,25698534,26950133,26950133,EURSGD_ecn,0,1,0.06,0.00,0.00,-0.60,0.60,False,False
2026-03-31T20:45:39.338350+00:00,2026-03-31T22:45:39.338350+02:00,2026-03-30T22:00:00+00:00,2026-03-31T00:00:00+02:00,2026-03-31T20:07:37+00:00,2026-03-31T22:07:37+02:00,25709257,26960768,26950131,GBPNZD_ecn,1,0,0.01,3.68,0.00,0.00,0.10,True,True
2026-03-31T20:45:39.338350+00:00,2026-03-31T22:45:39.338350+02:00,2026-03-30T22:00:00+00:00,2026-03-31T00:00:00+02:00,2026-03-31T20:08:08+00:00,2026-03-31T22:08:08+02:00,25709291,26960802,26946076,CADJPY_ecn,1,0,0.02,3.84,0.00,0.00,0.20,True,True
2026-03-31T20:45:39.338350+00:00,2026-03-31T22:45:39.338350+02:00,2026-03-30T22:00:00+00:00,2026-03-31T00:00:00+02:00,2026-03-31T20:08:21+00:00,2026-03-31T22:08:21+02:00,25709308,26960819,26883325,VIX_ecn,1,1,0.04,-0.13,0.00,0.00,0.40,True,True
2026-03-31T21:45:41.073002+00:00,2026-03-31T23:45:41.073002+02:00,2026-03-30T22:00:00+00:00,2026-03-31T00:00:00+02:00,2026-03-30T22:45:52+00:00,2026-03-31T00:45:52+02:00,25667717,26918250,26275438,AUDCAD_ecn,1,0,0.05,-17.38,-5.79,0.00,0.50,True,True
2026-03-31T21:45:41.073002+00:00,2026-03-31T23:45:41.073002+02:00,2026-03-30T22:00:00+00:00,2026-03-31T00:00:00+02:00,2026-03-30T23:03:05+00:00,2026-03-31T01:03:05+02:00,25667907,26918453,26918453,USDCHF_ecn,0,0,0.06,0.00,0.00,-0.60,0.60,True,False
2026-03-31T21:45:41.073002+00:00,2026-03-31T23:45:41.073002+02:00,2026-03-30T22:00:00+00:00,2026-03-31T00:00:00+02:00,2026-03-31T13:08:20+00:00,2026-03-31T15:08:20+02:00,25686661,0,0,,0,2,0.00,37.04,0.00,0.00,0.00,False,False
2026-03-31T21:45:41.073002+00:00,2026-03-31T23:45:41.073002+02:00,2026-03-30T22:00:00+00:00,2026-03-31T00:00:00+02:00,2026-03-31T15:56:45+00:00,2026-03-31T17:56:45+02:00,25693599,26945463,26945463,ZARJPY_ecn,0,1,0.01,0.00,0.00,-0.10,0.10,False,False
2026-03-31T21:45:41.073002+00:00,2026-03-31T23:45:41.073002+02:00,2026-03-30T22:00:00+00:00,2026-03-31T00:00:00+02:00,2026-03-31T15:56:50+00:00,2026-03-31T17:56:50+02:00,25693603,26945467,26945467,NZDUSD_ecn,0,1,0.01,0.00,0.00,-0.10,0.10,False,False
2026-03-31T21:45:41.073002+00:00,2026-03-31T23:45:41.073002+02:00,2026-03-30T22:00:00+00:00,2026-03-31T00:00:00+02:00,2026-03-31T16:10:17+00:00,2026-03-31T18:10:17+02:00,25694217,26946076,26946076,CADJPY_ecn,0,1,0.02,0.00,0.00,-0.20,0.20,True,False
2026-03-31T21:45:41.073002+00:00,2026-03-31T23:45:41.073002+02:00,2026-03-30T22:00:00+00:00,2026-03-31T00:00:00+02:00,2026-03-31T17:10:32+00:00,2026-03-31T19:10:32+02:00,25698118,26949726,26918453,USDCHF_ecn,1,1,0.06,4.05,0.51,0.00,0.60,True,True
2026-03-31T21:45:41.073002+00:00,2026-03-31T23:45:41.073002+02:00,2026-03-30T22:00:00+00:00,2026-03-31T00:00:00+02:00,2026-03-31T17:19:37+00:00,2026-03-31T19:19:37+02:00,25698532,26950131,26950131,GBPNZD_ecn,0,1,0.01,0.00,0.00,-0.10,0.10,True,False
2026-03-31T21:45:41.073002+00:00,2026-03-31T23:45:41.073002+02:00,2026-03-30T22:00:00+00:00,2026-03-31T00:00:00+02:00,2026-03-31T17:19:42+00:00,2026-03-31T19:19:42+02:00,25698534,26950133,26950133,EURSGD_ecn,0,1,0.06,0.00,0.00,-0.60,0.60,False,False
2026-03-31T21:45:41.073002+00:00,2026-03-31T23:45:41.073002+02:00,2026-03-30T22:00:00+00:00,2026-03-31T00:00:00+02:00,2026-03-31T20:07:37+00:00,2026-03-31T22:07:37+02:00,25709257,26960768,26950131,GBPNZD_ecn,1,0,0.01,3.68,0.00,0.00,0.10,True,True
2026-03-31T21:45:41.073002+00:00,2026-03-31T23:45:41.073002+02:00,2026-03-30T22:00:00+00:00,2026-03-31T00:00:00+02:00,2026-03-31T20:08:08+00:00,2026-03-31T22:08:08+02:00,25709291,26960802,26946076,CADJPY_ecn,1,0,0.02,3.84,0.00,0.00,0.20,True,True
2026-03-31T21:45:41.073002+00:00,2026-03-31T23:45:41.073002+02:00,2026-03-30T22:00:00+00:00,2026-03-31T00:00:00+02:00,2026-03-31T20:08:21+00:00,2026-03-31T22:08:21+02:00,25709308,26960819,26883325,VIX_ecn,1,1,0.04,-0.13,0.00,0.00,0.40,True,True
